what,kind,bundleId,bundleVersion,description,time
activated,workbench,org.eclipse.ui.workbench,3.6.1.M20100826-1330,"",1326040627937
activated,view,org.eclipse.jdt.ui,3.6.1.r361_v20100825-0800,"org.eclipse.jdt.ui.PackageExplorer",1326040629625
opened,editor,org.eclipse.jdt.ui,3.6.1.r361_v20100825-0800,"org.eclipse.jdt.ui.CompilationUnitEditor",1326040630062
activated,editor,org.eclipse.jdt.ui,3.6.1.r361_v20100825-0800,"org.eclipse.jdt.ui.CompilationUnitEditor",1326040630187
executed,command,org.eclipse.ui,3.6.1.M20100826-1330,"org.eclipse.ui.edit.paste",1326040633843
deactivated,workbench,org.eclipse.ui.workbench,3.6.1.M20100826-1330,"",1326040634937
activated,workbench,org.eclipse.ui.workbench,3.6.1.M20100826-1330,"",1326040643656
executed,command,org.eclipse.ui,3.6.1.M20100826-1330,"org.eclipse.ui.edit.paste",1326040645984
executed,command,org.eclipse.jdt.ui,3.6.1.r361_v20100825-0800,"org.eclipse.jdt.ui.edit.text.java.format",1326040648000
executed,command,org.eclipse.ui,3.6.1.M20100826-1330,"org.eclipse.ui.file.save",1326040649234
deactivated,workbench,org.eclipse.ui.workbench,3.6.1.M20100826-1330,"",1326040662765
activated,workbench,org.eclipse.ui.workbench,3.6.1.M20100826-1330,"",1326040663187
deactivated,workbench,org.eclipse.ui.workbench,3.6.1.M20100826-1330,"",1326040666046
activated,workbench,org.eclipse.ui.workbench,3.6.1.M20100826-1330,"",1326040667171
deactivated,workbench,org.eclipse.ui.workbench,3.6.1.M20100826-1330,"",1326040673859
activated,workbench,org.eclipse.ui.workbench,3.6.1.M20100826-1330,"",1326040675109
deactivated,workbench,org.eclipse.ui.workbench,3.6.1.M20100826-1330,"",1326040676062
activated,workbench,org.eclipse.ui.workbench,3.6.1.M20100826-1330,"",1326040696750
activated,editor,org.eclipse.jdt.ui,3.6.1.r361_v20100825-0800,"org.eclipse.jdt.ui.CompilationUnitEditor",1326040700781
closed,editor,org.eclipse.jdt.ui,3.6.1.r361_v20100825-0800,"org.eclipse.jdt.ui.CompilationUnitEditor",1326040700781
executed,command,org.eclipse.ui,3.6.1.M20100826-1330,"org.eclipse.ui.file.save",1326040710609
opened,editor,org.eclipse.jdt.ui,3.6.1.r361_v20100825-0800,"org.eclipse.jdt.ui.CompilationUnitEditor",1326040712328
activated,editor,org.eclipse.jdt.ui,3.6.1.r361_v20100825-0800,"org.eclipse.jdt.ui.CompilationUnitEditor",1326040712390
deactivated,workbench,org.eclipse.ui.workbench,3.6.1.M20100826-1330,"",1326040716750
activated,workbench,org.eclipse.ui.workbench,3.6.1.M20100826-1330,"",1326040723875
executed,command,org.eclipse.ui,3.6.1.M20100826-1330,"org.eclipse.ui.edit.paste",1326040724828
executed,command,org.eclipse.ui,3.6.1.M20100826-1330,"org.eclipse.ui.edit.copy",1326040729156
executed,command,org.eclipse.ui,3.6.1.M20100826-1330,"org.eclipse.ui.edit.paste",1326040730718
executed,command,org.eclipse.ui,3.6.1.M20100826-1330,"org.eclipse.ui.edit.copy",1326040733000
executed,command,org.eclipse.ui,3.6.1.M20100826-1330,"org.eclipse.ui.edit.paste",1326040734625
executed,command,org.eclipse.ui,3.6.1.M20100826-1330,"org.eclipse.ui.file.save",1326040736031
executed,command,org.eclipse.ui,3.6.1.M20100826-1330,"org.eclipse.ui.file.save",1326040739828
deactivated,workbench,org.eclipse.ui.workbench,3.6.1.M20100826-1330,"",1326040747312
activated,workbench,org.eclipse.ui.workbench,3.6.1.M20100826-1330,"",1326040750359
deactivated,workbench,org.eclipse.ui.workbench,3.6.1.M20100826-1330,"",1326040756187
activated,workbench,org.eclipse.ui.workbench,3.6.1.M20100826-1330,"",1326040757343
activated,view,org.eclipse.jdt.ui,3.6.1.r361_v20100825-0800,"org.eclipse.jdt.ui.PackageExplorer",1326040760609
executed,command,,,"com.android.ide.eclipse.adt.debug.launching.LaunchShortcut.run",1326040763562
deactivated,workbench,org.eclipse.ui.workbench,3.6.1.M20100826-1330,"",1326040764296
activated,view,com.android.ide.eclipse.ddms,15.0.1.v201111031820-219398,"com.android.ide.eclipse.ddms.views.LogCatView",1326040790640
activated,workbench,org.eclipse.ui.workbench,3.6.1.M20100826-1330,"",1326040797906
activated,editor,org.eclipse.jdt.ui,3.6.1.r361_v20100825-0800,"org.eclipse.jdt.ui.CompilationUnitEditor",1326040797937
deactivated,workbench,org.eclipse.ui.workbench,3.6.1.M20100826-1330,"",1326040805671
activated,workbench,org.eclipse.ui.workbench,3.6.1.M20100826-1330,"",1326040806781
deactivated,workbench,org.eclipse.ui.workbench,3.6.1.M20100826-1330,"",1326040812937
activated,workbench,org.eclipse.ui.workbench,3.6.1.M20100826-1330,"",1326040823593
executed,command,org.eclipse.ui,3.6.1.M20100826-1330,"org.eclipse.ui.edit.paste",1326040825890
executed,command,org.eclipse.ui,3.6.1.M20100826-1330,"org.eclipse.ui.edit.delete",1326040829171
executed,command,org.eclipse.jdt.ui,3.6.1.r361_v20100825-0800,"org.eclipse.jdt.ui.edit.text.java.organize.imports",1326040830078
executed,command,org.eclipse.ui,3.6.1.M20100826-1330,"org.eclipse.ui.edit.copy",1326040835187
executed,command,org.eclipse.ui,3.6.1.M20100826-1330,"org.eclipse.ui.edit.paste",1326040837015
executed,command,org.eclipse.ui,3.6.1.M20100826-1330,"org.eclipse.ui.edit.copy",1326040839359
executed,command,org.eclipse.ui,3.6.1.M20100826-1330,"org.eclipse.ui.edit.paste",1326040840187
deactivated,workbench,org.eclipse.ui.workbench,3.6.1.M20100826-1330,"",1326040848328
activated,workbench,org.eclipse.ui.workbench,3.6.1.M20100826-1330,"",1326040849656
executed,command,org.eclipse.ui,3.6.1.M20100826-1330,"org.eclipse.ui.edit.delete",1326040852484
executed,command,org.eclipse.ui,3.6.1.M20100826-1330,"org.eclipse.ui.edit.delete",1326040852812
executed,command,org.eclipse.ui,3.6.1.M20100826-1330,"org.eclipse.ui.edit.delete",1326040853734
executed,command,org.eclipse.ui,3.6.1.M20100826-1330,"org.eclipse.ui.edit.delete",1326040854015
executed,command,org.eclipse.ui,3.6.1.M20100826-1330,"org.eclipse.ui.edit.delete",1326040854171
executed,command,org.eclipse.ui,3.6.1.M20100826-1330,"org.eclipse.ui.edit.delete",1326040854312
executed,command,org.eclipse.ui,3.6.1.M20100826-1330,"org.eclipse.ui.edit.delete",1326040854453
executed,command,org.eclipse.ui,3.6.1.M20100826-1330,"org.eclipse.ui.edit.delete",1326040854609
executed,command,org.eclipse.ui,3.6.1.M20100826-1330,"org.eclipse.ui.edit.delete",1326040854734
executed,command,org.eclipse.ui,3.6.1.M20100826-1330,"org.eclipse.ui.edit.delete",1326040855265
executed,command,org.eclipse.ui,3.6.1.M20100826-1330,"org.eclipse.ui.edit.copy",1326040857687
executed,command,org.eclipse.ui,3.6.1.M20100826-1330,"org.eclipse.ui.edit.paste",1326040860703
executed,command,org.eclipse.ui,3.6.1.M20100826-1330,"org.eclipse.ui.file.save",1326040861953
activated,view,org.eclipse.jdt.ui,3.6.1.r361_v20100825-0800,"org.eclipse.jdt.ui.PackageExplorer",1326040863031
activated,editor,org.eclipse.jdt.ui,3.6.1.r361_v20100825-0800,"org.eclipse.jdt.ui.CompilationUnitEditor",1326040865453
activated,editor,org.eclipse.jdt.ui,3.6.1.r361_v20100825-0800,"org.eclipse.jdt.ui.CompilationUnitEditor",1326040866343
deactivated,workbench,org.eclipse.ui.workbench,3.6.1.M20100826-1330,"",1326040880546
activated,workbench,org.eclipse.ui.workbench,3.6.1.M20100826-1330,"",1326040926390
activated,editor,org.eclipse.jdt.ui,3.6.1.r361_v20100825-0800,"org.eclipse.jdt.ui.CompilationUnitEditor",1326040928265
executed,command,org.eclipse.ui,3.6.1.M20100826-1330,"org.eclipse.ui.edit.paste",1326040930546
executed,command,org.eclipse.jdt.ui,3.6.1.r361_v20100825-0800,"org.eclipse.jdt.ui.edit.text.java.organize.imports",1326040933125
deactivated,workbench,org.eclipse.ui.workbench,3.6.1.M20100826-1330,"",1326040934093
activated,workbench,org.eclipse.ui.workbench,3.6.1.M20100826-1330,"",1326040940515
executed,command,org.eclipse.ui,3.6.1.M20100826-1330,"org.eclipse.ui.edit.paste",1326040942078
executed,command,org.eclipse.ui,3.6.1.M20100826-1330,"org.eclipse.ui.edit.delete",1326040947265
executed,command,org.eclipse.ui,3.6.1.M20100826-1330,"org.eclipse.ui.edit.delete",1326040947562
executed,command,org.eclipse.ui,3.6.1.M20100826-1330,"org.eclipse.ui.file.save",1326040949390
deactivated,workbench,org.eclipse.ui.workbench,3.6.1.M20100826-1330,"",1326040951359
activated,workbench,org.eclipse.ui.workbench,3.6.1.M20100826-1330,"",1326040960468
executed,command,org.eclipse.ui,3.6.1.M20100826-1330,"org.eclipse.ui.edit.paste",1326040962828
executed,command,org.eclipse.ui,3.6.1.M20100826-1330,"org.eclipse.ui.edit.delete",1326040965906
executed,command,org.eclipse.ui,3.6.1.M20100826-1330,"org.eclipse.ui.edit.delete",1326040966218
executed,command,org.eclipse.ui,3.6.1.M20100826-1330,"org.eclipse.ui.edit.delete",1326040966546
executed,command,org.eclipse.ui,3.6.1.M20100826-1330,"org.eclipse.ui.edit.delete",1326040968734
executed,command,org.eclipse.ui,3.6.1.M20100826-1330,"org.eclipse.ui.edit.delete",1326040978546
executed,command,org.eclipse.ui,3.6.1.M20100826-1330,"org.eclipse.ui.edit.delete",1326040978812
executed,command,org.eclipse.jdt.ui,3.6.1.r361_v20100825-0800,"org.eclipse.jdt.ui.edit.text.java.organize.imports",1326040982609
executed,command,org.eclipse.ui,3.6.1.M20100826-1330,"org.eclipse.ui.edit.text.contentAssist.proposals",1326040987687
deactivated,workbench,org.eclipse.ui.workbench,3.6.1.M20100826-1330,"",1326040989843
activated,workbench,org.eclipse.ui.workbench,3.6.1.M20100826-1330,"",1326040989984
executed,command,org.eclipse.ui,3.6.1.M20100826-1330,"org.eclipse.ui.edit.copy",1326040992265
executed,command,org.eclipse.ui,3.6.1.M20100826-1330,"org.eclipse.ui.edit.paste",1326040996500
executed,command,org.eclipse.ui,3.6.1.M20100826-1330,"org.eclipse.ui.edit.paste",1326040998234
executed,command,org.eclipse.ui,3.6.1.M20100826-1330,"org.eclipse.ui.edit.copy",1326041013593
executed,command,org.eclipse.ui,3.6.1.M20100826-1330,"org.eclipse.ui.edit.paste",1326041015218
executed,command,org.eclipse.ui,3.6.1.M20100826-1330,"org.eclipse.ui.edit.delete",1326041024906
executed,command,org.eclipse.ui,3.6.1.M20100826-1330,"org.eclipse.ui.edit.delete",1326041025125
executed,command,org.eclipse.ui,3.6.1.M20100826-1330,"org.eclipse.ui.edit.delete",1326041025781
executed,command,org.eclipse.ui,3.6.1.M20100826-1330,"org.eclipse.ui.edit.copy",1326041030828
executed,command,org.eclipse.ui,3.6.1.M20100826-1330,"org.eclipse.ui.edit.paste",1326041031859
executed,command,org.eclipse.ui,3.6.1.M20100826-1330,"org.eclipse.ui.edit.paste",1326041033468
executed,command,org.eclipse.ui,3.6.1.M20100826-1330,"org.eclipse.ui.edit.delete",1326041043578
executed,command,org.eclipse.ui,3.6.1.M20100826-1330,"org.eclipse.ui.edit.delete",1326041044078
executed,command,org.eclipse.ui,3.6.1.M20100826-1330,"org.eclipse.ui.edit.delete",1326041044109
executed,command,org.eclipse.ui,3.6.1.M20100826-1330,"org.eclipse.ui.edit.delete",1326041044140
executed,command,org.eclipse.ui,3.6.1.M20100826-1330,"org.eclipse.ui.edit.delete",1326041044187
executed,command,org.eclipse.ui,3.6.1.M20100826-1330,"org.eclipse.ui.edit.delete",1326041044218
executed,command,org.eclipse.ui,3.6.1.M20100826-1330,"org.eclipse.ui.edit.delete",1326041044250
executed,command,org.eclipse.ui,3.6.1.M20100826-1330,"org.eclipse.ui.edit.delete",1326041044281
executed,command,org.eclipse.ui,3.6.1.M20100826-1330,"org.eclipse.ui.edit.delete",1326041044312
executed,command,org.eclipse.ui,3.6.1.M20100826-1330,"org.eclipse.ui.edit.delete",1326041044343
executed,command,org.eclipse.ui,3.6.1.M20100826-1330,"org.eclipse.ui.edit.delete",1326041044375
executed,command,org.eclipse.ui,3.6.1.M20100826-1330,"org.eclipse.ui.edit.delete",1326041044421
executed,command,org.eclipse.ui,3.6.1.M20100826-1330,"org.eclipse.ui.edit.delete",1326041044453
executed,command,org.eclipse.ui,3.6.1.M20100826-1330,"org.eclipse.ui.edit.delete",1326041044484
executed,command,org.eclipse.ui,3.6.1.M20100826-1330,"org.eclipse.ui.edit.delete",1326041044515
executed,command,org.eclipse.ui,3.6.1.M20100826-1330,"org.eclipse.ui.edit.delete",1326041044546
executed,command,org.eclipse.ui,3.6.1.M20100826-1330,"org.eclipse.ui.edit.delete",1326041044578
executed,command,org.eclipse.ui,3.6.1.M20100826-1330,"org.eclipse.ui.edit.delete",1326041044718
executed,command,org.eclipse.ui,3.6.1.M20100826-1330,"org.eclipse.ui.file.save",1326041046296
deactivated,workbench,org.eclipse.ui.workbench,3.6.1.M20100826-1330,"",1326041050218
activated,workbench,org.eclipse.ui.workbench,3.6.1.M20100826-1330,"",1326041051281
deactivated,workbench,org.eclipse.ui.workbench,3.6.1.M20100826-1330,"",1326041053640
activated,workbench,org.eclipse.ui.workbench,3.6.1.M20100826-1330,"",1326041069046
executed,command,org.eclipse.ui,3.6.1.M20100826-1330,"org.eclipse.ui.edit.paste",1326041074390
executed,command,org.eclipse.jdt.ui,3.6.1.r361_v20100825-0800,"org.eclipse.jdt.ui.edit.text.java.organize.imports",1326041076859
executed,command,org.eclipse.ui,3.6.1.M20100826-1330,"org.eclipse.ui.edit.copy",1326041078796
executed,command,org.eclipse.ui,3.6.1.M20100826-1330,"org.eclipse.ui.edit.paste",1326041080156
executed,command,org.eclipse.ui,3.6.1.M20100826-1330,"org.eclipse.ui.edit.delete",1326041084062
executed,command,org.eclipse.ui,3.6.1.M20100826-1330,"org.eclipse.ui.edit.copy",1326041086484
executed,command,org.eclipse.ui,3.6.1.M20100826-1330,"org.eclipse.ui.edit.paste",1326041088062
executed,command,org.eclipse.ui,3.6.1.M20100826-1330,"org.eclipse.ui.edit.copy",1326041090671
executed,command,org.eclipse.ui,3.6.1.M20100826-1330,"org.eclipse.ui.edit.paste",1326041092890
executed,command,org.eclipse.ui,3.6.1.M20100826-1330,"org.eclipse.ui.file.save",1326041106265
executed,command,org.eclipse.ui,3.6.1.M20100826-1330,"org.eclipse.ui.edit.text.contentAssist.proposals",1326041115046
executed,command,org.eclipse.ui,3.6.1.M20100826-1330,"org.eclipse.ui.edit.delete",1326041118375
executed,command,org.eclipse.ui,3.6.1.M20100826-1330,"org.eclipse.ui.edit.delete",1326041118781
executed,command,org.eclipse.ui,3.6.1.M20100826-1330,"org.eclipse.ui.edit.delete",1326041119296
executed,command,org.eclipse.ui,3.6.1.M20100826-1330,"org.eclipse.ui.file.save",1326041121359
deactivated,workbench,org.eclipse.ui.workbench,3.6.1.M20100826-1330,"",1326041122859
activated,workbench,org.eclipse.ui.workbench,3.6.1.M20100826-1330,"",1326041144140
executed,command,org.eclipse.ui,3.6.1.M20100826-1330,"org.eclipse.ui.edit.copy",1326041149000
executed,command,org.eclipse.ui,3.6.1.M20100826-1330,"org.eclipse.ui.edit.paste",1326041150687
executed,command,org.eclipse.ui,3.6.1.M20100826-1330,"org.eclipse.ui.file.save",1326041155640
executed,command,org.eclipse.ui,3.6.1.M20100826-1330,"org.eclipse.ui.file.save",1326041161046
deactivated,workbench,org.eclipse.ui.workbench,3.6.1.M20100826-1330,"",1326041161593
activated,workbench,org.eclipse.ui.workbench,3.6.1.M20100826-1330,"",1326041164406
executed,command,org.eclipse.ui,3.6.1.M20100826-1330,"org.eclipse.ui.file.save",1326041183921
executed,command,org.eclipse.ui,3.6.1.M20100826-1330,"org.eclipse.ui.file.save",1326041196593
executed,command,org.eclipse.ui,3.6.1.M20100826-1330,"org.eclipse.ui.edit.delete",1326041197859
executed,command,org.eclipse.ui,3.6.1.M20100826-1330,"org.eclipse.ui.edit.delete",1326041198093
executed,command,org.eclipse.ui,3.6.1.M20100826-1330,"org.eclipse.ui.file.save",1326041198500
activated,editor,org.eclipse.jdt.ui,3.6.1.r361_v20100825-0800,"org.eclipse.jdt.ui.CompilationUnitEditor",1326041203484
deactivated,workbench,org.eclipse.ui.workbench,3.6.1.M20100826-1330,"",1326041207750
activated,workbench,org.eclipse.ui.workbench,3.6.1.M20100826-1330,"",1326041214203
executed,command,org.eclipse.ui,3.6.1.M20100826-1330,"org.eclipse.ui.edit.paste",1326041217000
executed,command,org.eclipse.ui,3.6.1.M20100826-1330,"org.eclipse.ui.edit.copy",1326041224734
executed,command,org.eclipse.ui,3.6.1.M20100826-1330,"org.eclipse.ui.edit.paste",1326041225640
executed,command,org.eclipse.ui,3.6.1.M20100826-1330,"org.eclipse.ui.edit.copy",1326041229421
executed,command,org.eclipse.ui,3.6.1.M20100826-1330,"org.eclipse.ui.edit.paste",1326041230296
executed,command,org.eclipse.ui,3.6.1.M20100826-1330,"org.eclipse.ui.edit.copy",1326041231890
executed,command,org.eclipse.ui,3.6.1.M20100826-1330,"org.eclipse.ui.edit.paste",1326041232609
executed,command,org.eclipse.ui,3.6.1.M20100826-1330,"org.eclipse.ui.file.save",1326041234015
activated,editor,org.eclipse.jdt.ui,3.6.1.r361_v20100825-0800,"org.eclipse.jdt.ui.CompilationUnitEditor",1326041237375
activated,editor,org.eclipse.jdt.ui,3.6.1.r361_v20100825-0800,"org.eclipse.jdt.ui.CompilationUnitEditor",1326041240218
deactivated,workbench,org.eclipse.ui.workbench,3.6.1.M20100826-1330,"",1326041243484
activated,workbench,org.eclipse.ui.workbench,3.6.1.M20100826-1330,"",1326041255515
executed,command,org.eclipse.ui,3.6.1.M20100826-1330,"org.eclipse.ui.file.save",1326041262078
deactivated,workbench,org.eclipse.ui.workbench,3.6.1.M20100826-1330,"",1326041264984
activated,workbench,org.eclipse.ui.workbench,3.6.1.M20100826-1330,"",1326041271125
executed,command,org.eclipse.ui,3.6.1.M20100826-1330,"org.eclipse.ui.edit.paste",1326041273531
deactivated,workbench,org.eclipse.ui.workbench,3.6.1.M20100826-1330,"",1326041275437
activated,workbench,org.eclipse.ui.workbench,3.6.1.M20100826-1330,"",1326041282921
executed,command,org.eclipse.jdt.ui,3.6.1.r361_v20100825-0800,"org.eclipse.jdt.ui.edit.text.java.organize.imports",1326041282968
executed,command,org.eclipse.ui,3.6.1.M20100826-1330,"org.eclipse.ui.edit.copy",1326041298781
executed,command,org.eclipse.ui,3.6.1.M20100826-1330,"org.eclipse.ui.edit.paste",1326041300218
executed,command,org.eclipse.ui,3.6.1.M20100826-1330,"org.eclipse.ui.edit.cut",1326041301203
executed,command,org.eclipse.ui,3.6.1.M20100826-1330,"org.eclipse.ui.edit.paste",1326041302921
executed,command,org.eclipse.ui,3.6.1.M20100826-1330,"org.eclipse.ui.edit.paste",1326041304234
executed,command,org.eclipse.ui,3.6.1.M20100826-1330,"org.eclipse.ui.file.save",1326041309968
executed,command,org.eclipse.ui,3.6.1.M20100826-1330,"org.eclipse.ui.edit.paste",1326041316171
executed,command,org.eclipse.ui,3.6.1.M20100826-1330,"org.eclipse.ui.edit.delete",1326041325421
executed,command,org.eclipse.ui,3.6.1.M20100826-1330,"org.eclipse.ui.edit.delete",1326041326343
executed,command,org.eclipse.ui,3.6.1.M20100826-1330,"org.eclipse.ui.edit.copy",1326041332390
executed,command,org.eclipse.ui,3.6.1.M20100826-1330,"org.eclipse.ui.edit.paste",1326041333343
executed,command,org.eclipse.ui,3.6.1.M20100826-1330,"org.eclipse.ui.edit.paste",1326041334890
executed,command,org.eclipse.ui,3.6.1.M20100826-1330,"org.eclipse.ui.edit.delete",1326041336796
executed,command,org.eclipse.ui,3.6.1.M20100826-1330,"org.eclipse.ui.edit.delete",1326041336968
executed,command,org.eclipse.ui,3.6.1.M20100826-1330,"org.eclipse.ui.file.save",1326041344312
deactivated,workbench,org.eclipse.ui.workbench,3.6.1.M20100826-1330,"",1326041348968
activated,workbench,org.eclipse.ui.workbench,3.6.1.M20100826-1330,"",1326041361750
activated,view,org.eclipse.jdt.ui,3.6.1.r361_v20100825-0800,"org.eclipse.jdt.ui.PackageExplorer",1326041362875
deactivated,workbench,org.eclipse.ui.workbench,3.6.1.M20100826-1330,"",1326041367500
activated,workbench,org.eclipse.ui.workbench,3.6.1.M20100826-1330,"",1326041381453
opened,editor,com.android.ide.eclipse.adt,15.0.1.v201111031820-219398,"com.android.ide.eclipse.editors.layout.LayoutEditor",1326041381687
activated,editor,com.android.ide.eclipse.adt,15.0.1.v201111031820-219398,"com.android.ide.eclipse.editors.layout.LayoutEditor",1326041381734
deactivated,workbench,org.eclipse.ui.workbench,3.6.1.M20100826-1330,"",1326041561218
activated,workbench,org.eclipse.ui.workbench,3.6.1.M20100826-1330,"",1326041574921
executed,command,org.eclipse.ui,3.6.1.M20100826-1330,"org.eclipse.ui.edit.paste",1326041579843
executed,command,org.eclipse.ui,3.6.1.M20100826-1330,"org.eclipse.ui.edit.delete",1326041600140
executed,command,org.eclipse.ui,3.6.1.M20100826-1330,"org.eclipse.ui.edit.delete",1326041601015
executed,command,org.eclipse.ui,3.6.1.M20100826-1330,"org.eclipse.ui.file.save",1326041601656
deactivated,workbench,org.eclipse.ui.workbench,3.6.1.M20100826-1330,"",1326041602343
activated,workbench,org.eclipse.ui.workbench,3.6.1.M20100826-1330,"",1326041605750
activated,editor,com.android.ide.eclipse.adt,15.0.1.v201111031820-219398,"com.android.ide.eclipse.editors.resources.ResourcesEditor",1326041611421
executed,command,org.eclipse.ui,3.6.1.M20100826-1330,"org.eclipse.ui.edit.copy",1326041615171
executed,command,org.eclipse.ui,3.6.1.M20100826-1330,"org.eclipse.ui.edit.paste",1326041616468
executed,command,org.eclipse.ui,3.6.1.M20100826-1330,"org.eclipse.ui.file.save",1326041630781
executed,command,org.eclipse.ui,3.6.1.M20100826-1330,"org.eclipse.ui.edit.copy",1326041632515
activated,editor,com.android.ide.eclipse.adt,15.0.1.v201111031820-219398,"com.android.ide.eclipse.editors.layout.LayoutEditor",1326041633625
executed,command,org.eclipse.ui,3.6.1.M20100826-1330,"org.eclipse.ui.edit.paste",1326041634609
executed,command,org.eclipse.ui,3.6.1.M20100826-1330,"org.eclipse.ui.file.save",1326041636390
executed,command,org.eclipse.ui,3.6.1.M20100826-1330,"org.eclipse.ui.file.save",1326041645500
activated,editor,org.eclipse.jdt.ui,3.6.1.r361_v20100825-0800,"org.eclipse.jdt.ui.CompilationUnitEditor",1326041649546
activated,editor,com.android.ide.eclipse.adt,15.0.1.v201111031820-219398,"com.android.ide.eclipse.editors.resources.ResourcesEditor",1326041650906
executed,command,org.eclipse.ui,3.6.1.M20100826-1330,"org.eclipse.ui.edit.copy",1326041652812
executed,command,org.eclipse.ui,3.6.1.M20100826-1330,"org.eclipse.ui.edit.paste",1326041654062
executed,command,org.eclipse.wst.sse.ui,1.2.5.v201108191505,"org.eclipse.wst.sse.ui.format.document",1326041657765
executed,command,org.eclipse.ui,3.6.1.M20100826-1330,"org.eclipse.ui.edit.delete",1326041666234
executed,command,org.eclipse.ui,3.6.1.M20100826-1330,"org.eclipse.ui.edit.delete",1326041666453
executed,command,org.eclipse.ui,3.6.1.M20100826-1330,"org.eclipse.ui.file.save",1326041669750
activated,editor,com.android.ide.eclipse.adt,15.0.1.v201111031820-219398,"com.android.ide.eclipse.editors.layout.LayoutEditor",1326041670984
activated,editor,org.eclipse.jdt.ui,3.6.1.r361_v20100825-0800,"org.eclipse.jdt.ui.CompilationUnitEditor",1326041674359
executed,command,org.eclipse.ui,3.6.1.M20100826-1330,"org.eclipse.ui.file.save",1326041681015
executed,command,org.eclipse.ui,3.6.1.M20100826-1330,"org.eclipse.ui.edit.undo",1326041695718
executed,command,org.eclipse.ui,3.6.1.M20100826-1330,"org.eclipse.ui.file.save",1326041712031
activated,editor,com.android.ide.eclipse.adt,15.0.1.v201111031820-219398,"com.android.ide.eclipse.editors.resources.ResourcesEditor",1326041713156
activated,editor,org.eclipse.jdt.ui,3.6.1.r361_v20100825-0800,"org.eclipse.jdt.ui.CompilationUnitEditor",1326041720359
executed,command,org.eclipse.ui,3.6.1.M20100826-1330,"org.eclipse.ui.edit.copy",1326041725578
executed,command,org.eclipse.ui,3.6.1.M20100826-1330,"org.eclipse.ui.edit.paste",1326041727140
executed,command,org.eclipse.ui,3.6.1.M20100826-1330,"org.eclipse.ui.file.save",1326041728140
deactivated,workbench,org.eclipse.ui.workbench,3.6.1.M20100826-1330,"",1326041734656
activated,workbench,org.eclipse.ui.workbench,3.6.1.M20100826-1330,"",1326041735500
activated,view,org.eclipse.jdt.ui,3.6.1.r361_v20100825-0800,"org.eclipse.jdt.ui.PackageExplorer",1326041736890
executed,command,,,"com.android.ide.eclipse.adt.debug.launching.LaunchShortcut.run",1326041741687
deactivated,workbench,org.eclipse.ui.workbench,3.6.1.M20100826-1330,"",1326041742437
activated,view,com.android.ide.eclipse.ddms,15.0.1.v201111031820-219398,"com.android.ide.eclipse.ddms.views.LogCatView",1326041749218
activated,workbench,org.eclipse.ui.workbench,3.6.1.M20100826-1330,"",1326041753390
activated,view,org.eclipse.jdt.ui,3.6.1.r361_v20100825-0800,"org.eclipse.jdt.ui.PackageExplorer",1326041753406
activated,view,com.android.ide.eclipse.ddms,15.0.1.v201111031820-219398,"com.android.ide.eclipse.ddms.views.LogCatView",1326041754781
activated,editor,org.eclipse.jdt.ui,3.6.1.r361_v20100825-0800,"org.eclipse.jdt.ui.CompilationUnitEditor",1326041792390
activated,view,org.eclipse.jdt.ui,3.6.1.r361_v20100825-0800,"org.eclipse.jdt.ui.PackageExplorer",1326041793546
opened,editor,org.eclipse.jdt.ui,3.6.1.r361_v20100825-0800,"org.eclipse.jdt.ui.CompilationUnitEditor",1326041794765
activated,editor,org.eclipse.jdt.ui,3.6.1.r361_v20100825-0800,"org.eclipse.jdt.ui.CompilationUnitEditor",1326041794843
activated,editor,org.eclipse.jdt.ui,3.6.1.r361_v20100825-0800,"org.eclipse.jdt.ui.CompilationUnitEditor",1326041810921
closed,editor,org.eclipse.jdt.ui,3.6.1.r361_v20100825-0800,"org.eclipse.jdt.ui.CompilationUnitEditor",1326041810921
closed,editor,com.android.ide.eclipse.adt,15.0.1.v201111031820-219398,"com.android.ide.eclipse.editors.resources.ResourcesEditor",1326041814140
activated,editor,org.eclipse.jdt.ui,3.6.1.r361_v20100825-0800,"org.eclipse.jdt.ui.CompilationUnitEditor",1326041814765
activated,editor,org.eclipse.jdt.ui,3.6.1.r361_v20100825-0800,"org.eclipse.jdt.ui.CompilationUnitEditor",1326041816125
closed,editor,org.eclipse.jdt.ui,3.6.1.r361_v20100825-0800,"org.eclipse.jdt.ui.CompilationUnitEditor",1326041816125
closed,editor,com.android.ide.eclipse.adt,15.0.1.v201111031820-219398,"com.android.ide.eclipse.editors.layout.LayoutEditor",1326041816921
activated,editor,org.eclipse.jdt.ui,3.6.1.r361_v20100825-0800,"org.eclipse.jdt.ui.CompilationUnitEditor",1326041819546
opened,editor,org.eclipse.jdt.ui,3.6.1.r361_v20100825-0800,"org.eclipse.jdt.ui.CompilationUnitEditor",1326041830562
activated,editor,org.eclipse.jdt.ui,3.6.1.r361_v20100825-0800,"org.eclipse.jdt.ui.CompilationUnitEditor",1326041830609
activated,editor,org.eclipse.jdt.ui,3.6.1.r361_v20100825-0800,"org.eclipse.jdt.ui.CompilationUnitEditor",1326041832531
closed,editor,org.eclipse.jdt.ui,3.6.1.r361_v20100825-0800,"org.eclipse.jdt.ui.CompilationUnitEditor",1326041832531
activated,view,org.eclipse.jdt.ui,3.6.1.r361_v20100825-0800,"org.eclipse.jdt.ui.PackageExplorer",1326041833156
executed,command,,,"com.android.ide.eclipse.adt.debug.launching.LaunchShortcut.run",1326041834953
deactivated,workbench,org.eclipse.ui.workbench,3.6.1.M20100826-1330,"",1326041838218
activated,workbench,org.eclipse.ui.workbench,3.6.1.M20100826-1330,"",1326041849640
activated,editor,org.eclipse.jdt.ui,3.6.1.r361_v20100825-0800,"org.eclipse.jdt.ui.CompilationUnitEditor",1326041849687
deactivated,workbench,org.eclipse.ui.workbench,3.6.1.M20100826-1330,"",1326041850609
activated,workbench,org.eclipse.ui.workbench,3.6.1.M20100826-1330,"",1326041851500
activated,view,org.eclipse.jdt.ui,3.6.1.r361_v20100825-0800,"org.eclipse.jdt.ui.PackageExplorer",1326041852421
executed,command,,,"com.android.ide.eclipse.adt.debug.launching.LaunchShortcut.run",1326041853937
deactivated,workbench,org.eclipse.ui.workbench,3.6.1.M20100826-1330,"",1326041854609
activated,view,com.android.ide.eclipse.ddms,15.0.1.v201111031820-219398,"com.android.ide.eclipse.ddms.views.LogCatView",1326041857437
activated,workbench,org.eclipse.ui.workbench,3.6.1.M20100826-1330,"",1326041858781
activated,editor,org.eclipse.jdt.ui,3.6.1.r361_v20100825-0800,"org.eclipse.jdt.ui.CompilationUnitEditor",1326041881515
activated,view,org.eclipse.jdt.ui,3.6.1.r361_v20100825-0800,"org.eclipse.jdt.ui.PackageExplorer",1326041882906
